DateTime,Entries,UniqueIPs
1501707721,2925,2946
1501708321,2925,2946
1501708922,2921,2942
1501709522,2927,2949
1501710122,2929,2951
1501710722,2930,2952
1501711322,2932,2954
1501711921,2922,2944
1501712521,2925,2947
1501713722,2904,2926
1501714322,2913,2935
1501714921,2903,2925
1501715522,2915,2937
1501716122,2908,2930
1501716721,2919,2941
1501717322,2947,2969
1501717921,2955,2977
1501718522,2959,2981
1501719122,2955,2977
1501719722,2970,2992
1501720321,2973,2995
1501720922,2969,2991
1501722121,2960,2982
1501723322,2949,2970
1501723922,2935,2958
1501724522,2950,2973
1501725122,2953,2976
1501725721,2957,2981
1501726922,2935,2958
1501728122,2925,2948
1501728722,2931,2954
1501729321,2935,2958
1501730521,2921,2944
1501731121,2906,2929
1501731722,2911,2934
1501732322,2909,2932
1501732921,2916,2939
1501733521,2930,2953
1501734122,2933,2956
1501735322,2932,2955
1501735921,2953,2976
1501736522,2952,2975
1501737121,2940,2963
1501737721,2941,2964
1501738322,2945,2968
1501738921,2962,2986
1501739522,2960,2984
1501740121,2957,2981
1501740721,2962,2986
1501741322,2959,2983
1501742521,2982,3006
1501743121,2975,2999
1501743722,2976,3000
1501744321,2966,2989
1501744922,2961,2984
1501746122,2956,2979
1501746722,2941,2963
1501747322,2940,2962
1501747922,2930,2951
1501748521,2930,2951
1501749122,2936,2958
1501749721,2939,2961
1501750321,2941,2963
1501750922,2942,2964
1501751521,2930,2951
1501752122,2920,2941
1501752723,2915,2935
1501753321,2917,2937
1501753921,2920,2940
1501754521,2913,2933
1501755122,2920,2940
1501755721,2914,2934
1501756322,2927,2946
1501756922,2921,2940
1501757521,2929,2948
1501758121,2927,2946
1501758721,2912,2931
1501759321,2907,2926
1501759921,2908,2927
1501760521,2892,2911
1501761721,2878,2897
1501762321,2882,2901
1501762922,2884,2904
1501763522,2865,2885
1501764121,2868,2888
1501765321,2861,2881
1501765921,2855,2875
1501766522,2853,2873
1501767721,2837,2859
1501768922,2828,2850
1501770122,2830,2852
1501770721,2820,2842
1501771322,2827,2849
1501771921,2827,2849
1501772521,2843,2865
1501773122,2840,2862
1501773722,2843,2865
1501774921,2815,2837
1501776122,2814,2836
1501776721,2811,2833
1501777321,2786,2808
1501777921,2772,2794
1501778521,2773,2795
1501779121,2782,2804
1501779721,2769,2791
1501780322,2775,2797
1501780921,2771,2793
1501781521,2751,2773
1501782121,2755,2777
1501782721,2756,2775
1501783322,2753,2772
1501783922,2750,2769
1501784522,2758,2777
1501785722,2717,2736
1501786321,2728,2747
1501786922,2681,2699
1501787522,2675,2693
1501788121,2673,2691
1501788721,2675,2693
1501789322,2678,2696
1501789921,2673,2691
1501790522,2689,2707
1501791122,2690,2708
1501791722,2671,2690
1501792321,2668,2687
1501792922,2672,2691
1501794121,2647,2667
1501795321,2615,2635
1501795921,2612,2632
1501796522,2609,2629
1501797122,2612,2632
1501797721,2612,2635
1501798321,2607,2630
1501798922,2603,2626
1501799521,2605,2628
1501800121,2610,2633
1501800721,2594,2617
1501801322,2596,2619
1501801921,2613,2636
1501802522,2617,2640
1501803721,2624,2647
1501804322,2584,2607
1501804923,2586,2609
1501805521,2585,2610
1501806122,2585,2610
1501806722,2581,2606
1501807321,2585,2610
1501807923,2590,2615
1501808522,2602,2627
1501809122,2607,2632
1501809722,2611,2636
1501810321,2618,2643
1501810922,2590,2615
1501811521,2598,2623
1501812122,2606,2632
1501812722,2607,2633
1501813321,2617,2643
1501814521,2618,2644
1501815122,2576,2602
1501815722,2592,2618
1501816922,2621,2647
1501818122,2618,2645
1501818722,2627,2654
1501819322,2609,2636
1501819922,2621,2648
1501820522,2576,2603
1501821721,2591,2618
1501822922,2571,2596
1501824121,2596,2621
1501825322,2590,2614
1501825922,2604,2628
1501826522,2613,2637
1501827121,2619,2643
1501827721,2633,2658
1501828322,2640,2665
1501828922,2654,2679
1501830122,2651,2676
1501830722,2656,2681
1501831321,2661,2686
1501831921,2653,2678
1501832522,2655,2680
1501833121,2660,2685
1501833721,2669,2694
1501834322,2667,2692
1501834921,2673,2698
1501835522,2675,2700
1501836122,2662,2687
1501836721,2647,2672
1501837321,2657,2682
1501837922,2661,2686
1501838521,2663,2688
1501839722,2643,2668
1501840322,2649,2674
1501840923,2650,2675
1501841521,2651,2676
1501842121,2664,2690
1501842721,2677,2703
1501843322,2649,2675
1501843922,2652,2678
1501845122,2644,2670
1501845721,2653,2679
1501846321,2641,2667
1501846921,2653,2679
1501848121,2623,2649
1501848721,2626,2652
1501849322,2626,2652
1501850521,2621,2647
1501851122,2638,2664
1501851721,2641,2667
1501852922,2630,2656
1501853522,2641,2667
1501854122,2664,2690
1501855322,2666,2691
1501856522,2669,2694
1501857722,2673,2699
1501858322,2687,2713
1501858922,2683,2709
1501859522,2686,2712
1501860121,2690,2716
1501860721,2703,2729
1501861322,2711,2738
1501861922,2717,2744
1501862522,2715,2742
1501863122,2722,2749
1501863722,2732,2759
1501864322,2730,2757
1501864922,2738,2765
1501865522,2742,2769
1501866122,2755,2783
1501866722,2760,2788
1501867322,2762,2790
1501868522,2764,2792
1501869121,2768,2796
1501869721,2782,2810
1501870322,2767,2795
1501870922,2768,2796
1501871522,2768,2796
1501872121,2772,2800
1501872722,2771,2799
1501873321,2773,2801
1501874521,2764,2793
1501875122,2763,2792
1501875721,2769,2798
1501876921,2767,2796
1501877522,2748,2776
1501878122,2745,2773
1501879323,2745,2773
1501879922,2753,2781
1501880521,2748,2775
1501881722,2754,2781
1501882322,2757,2784
1501882922,2761,2788
1501884122,2759,2785
1501884721,2762,2788
1501885321,2768,2794
1501885921,2782,2809
1501886521,2771,2798
1501887122,2775,2802
1501887722,2771,2798
1501888922,2751,2778
1501890121,2761,2788
1501890722,2760,2784
1501891322,2757,2781
1501891922,2759,2783
1501892522,2751,2775
1501893122,2756,2780
1501893724,2756,2780
1501894322,2752,2776
1501894922,2756,2780
1501895523,2751,2775
1501896121,2726,2750
1501896721,2729,2753
1501897322,2724,2748
1501897921,2739,2763
1501898522,2739,2763
1501899722,2729,2752
1501900322,2736,2763
1501900921,2740,2767
1501901522,2750,2777
1501902122,2737,2764
1501902723,2744,2771
1501903321,2744,2771
1501903921,2748,2775
1501904522,2752,2779
1501905122,2725,2752
1501905722,2722,2749
1501906921,2704,2731
1501907522,2707,2734
1501908122,2696,2723
1501908722,2711,2738
1501909322,2721,2748
1501909922,2721,2748
1501910522,2748,2775
1501911722,2748,2774
1501912922,2759,2786
1501913522,2758,2783
1501914122,2762,2787
1501914721,2740,2765
1501915321,2748,2773
1501916522,2749,2774
1501917121,2751,2776
1501917721,2746,2772
1501918322,2747,2773
1501918922,2747,2773
1501919522,2741,2767
1501920122,2746,2772
1501920722,2748,2774
1501921321,2744,2769
1501922522,2724,2749
1501923122,2723,2748
1501923721,2730,2755
1501924921,2722,2747
1501926121,2723,2748
1501926722,2713,2738
1501927322,2714,2739
1501927922,2710,2735
1501928521,2727,2752
1501929121,2730,2755
1501929721,2728,2753
1501930322,2743,2768
1501930921,2754,2779
1501931521,2766,2791
1501932122,2769,2794
1501932721,2767,2791
1501933322,2765,2789
1501933921,2773,2797
1501934521,2775,2799
1501935721,2782,2806
1501936322,2786,2810
1501936921,2798,2822
1501937522,2795,2819
1501938122,2783,2807
1501939321,2786,2810
1501939922,2796,2820
1501940522,2803,2825
1501941121,2808,2830
1501941722,2805,2827
1501942322,2814,2836
1501942921,2820,2842
1501943522,2827,2849
1501944122,2834,2856
1501944722,2836,2858
1501945322,2861,2883
1501946522,2854,2876
1501947721,2848,2870
1501948321,2845,2867
1501948921,2855,2877
1501950121,2857,2879
1501951322,2862,2884
1501952521,2846,2868
1501953122,2860,2883
1501953721,2864,2887
1501954921,2866,2889
1501956123,2852,2875
1501956722,2860,2883
1501957322,2874,2897
1501958522,2893,2916
1501959121,2885,2908
1501959721,2893,2916
1501960921,2911,2934
1501961522,2913,2936
1501962122,2908,2931
1501963322,2907,2930
1501963922,2893,2916
1501964521,2939,2962
1501965122,2944,2967
1501965721,2947,2970
1501966922,2970,2993
1501967522,2974,2997
1501968121,2983,3006
1501968721,2972,2994
1501969322,2979,3001
1501970521,2985,3009
1501971722,2930,2954
1501972322,2930,2954
1501972921,2938,2962
1501974122,2928,2952
1501974722,2933,2957
1501975322,2936,2960
1501975922,2950,2974
1501976521,2956,2979
1501977722,2955,2978
1501978321,2961,2984
1501978921,2953,2975
1501979523,2963,2985
1501980122,2966,2988
1501981322,2952,2974
1501981922,2948,2970
1501982523,2955,2977
1501983122,2948,2970
1501983721,2946,2968
1501984322,2951,2973
1501984921,2954,2976
1501985521,2964,2986
1501986121,2969,2991
1501986721,2964,2986
1501987323,2932,2953
1501987922,2935,2956
1501988522,2941,2962
1501989121,2938,2959
1501989721,2948,2969
1501990321,2958,2979
1501990922,2964,2985
1501991522,2952,2973
1501992122,2959,2980
1501992721,2960,2981
1501993321,2961,2982
1501993922,2965,2986
1501994521,2953,2974
1501995721,2903,2924
1501996322,2909,2930
1501996921,2877,2898
1501997522,2882,2903
1501998122,2883,2904
1501999322,2878,2899
1501999922,2884,2906
1502000522,2877,2900
1502001122,2873,2896
1502001722,2876,2899
1502002921,2867,2890
1502003521,2864,2887
1502004121,2868,2891
1502004721,2864,2886
1502005322,2860,2882
1502005921,2862,2884
1502006522,2855,2877
1502007123,2858,2880
1502007722,2857,2879
1502008322,2858,2880
1502008922,2862,2884
1502010121,2853,2875
1502010722,2856,2878
1502011322,2857,2879
1502011921,2856,2878
1502012522,2859,2881
1502013722,2861,2883
1502014322,2868,2890
1502014921,2864,2886
1502016121,2864,2887
1502016721,2861,2884
1502017322,2866,2890
1502018521,2860,2884
1502019722,2861,2885
1502020321,2862,2886
1502020922,2870,2894
1502021521,2878,2902
1502022122,2892,2916
1502023321,2884,2908
1502023923,2896,2920
1502024522,2886,2910
1502025722,2888,2912
1502026321,2889,2913
1502026922,2893,2917
1502027522,2879,2902
1502028122,2896,2919
1502028722,2896,2919
1502029321,2894,2916
1502029922,2890,2912
1502030521,2899,2921
1502031722,2896,2918
1502032322,2901,2923
1502032922,2899,2921
1502034122,2910,2932
1502034721,2918,2941
1502035321,2924,2947
1502035922,2919,2942
1502036522,2927,2950
1502037122,2920,2943
1502037721,2932,2955
1502038322,2938,2961
1502038921,2946,2969
1502039522,2947,2970
1502040121,2932,2955
1502041322,2938,2961
1502041921,2938,2961
1502042521,2941,2964
1502043122,2944,2967
1502043722,2941,2964
1502044922,2947,2970
1502045521,2940,2963
1502046121,2942,2965
1502046722,2950,2973
1502047321,2938,2961
1502048522,2931,2955
1502049122,2940,2965
1502050322,2941,2966
1502050922,2946,2971
1502051522,2949,2974
1502052121,2956,2981
1502053322,2949,2974
1502053922,2929,2954
1502054522,2928,2953
1502055721,2914,2939
1502056322,2919,2944
1502056921,2904,2929
1502057522,2910,2935
1502058122,2916,2941
1502058721,2922,2947
1502059322,2920,2945
1502059922,2923,2948
